{
  "$schema": "https://raw.githubusercontent.com/DotNetAnalyzers/StyleCopAnalyzers/master/StyleCop.Analyzers/StyleCop.Analyzers/Settings/stylecop.schema.json",
  "settings": {
    "documentationRules": {
      "companyName": "IP Group 2",
      "documentInternalElements": false,
      "documentExposedElements": true,
      "documentInterfaces": true,
      "documentPrivateElements": false,
      "documentPrivateFields": false
    },

    "orderingRules": {
      "blankLinesBetweenUsingGroups": "require",
      "systemUsingDirectivesFirst": true,
      "usingDirectivesPlacement": "outsideNamespace"
    }
  }
}
